date,n,n_tradable,top1_code,top1_true,top1_pred_gap,best_true_all,best_true_tradable,regret_vs_best_tradable,top3_mean,top5_mean,score_std,score_max_prob,score_entropy,hit_top1_in_true10,hit_top1_in_true20,overlap_pred10_true10,overlap_pred10_true20,overlap_pred20_true10,overlap_pred20_true20
2024-01-02,2783,2782,SZ000692,-0.033707865,0.0023934199999999795,0.20687538,0.20687538,0.240583245,-0.019484422999999997,-0.0322526376,0.003116656367154301,0.0003662845602365416,7.931279894454743,0,0,0,0,0,0
2024-01-03,2788,2787,SH603333,-0.1029106,7.995999999999004e-05,0.20669056,0.20669056,0.30960116,-0.03802169666666667,-0.0585055466,0.0030507223771072556,0.00036498823190529803,7.933075107868514,0,0,0,1,0,1
2024-01-04,2787,2787,SZ000820,-0.20454545,0.0007688399999999929,0.22803836,0.22803836,0.43258381,-0.11384243166666667,-0.07193793770000001,0.003134737912520252,0.00036516834810559765,7.932716105692744,0,0,0,1,1,2
2024-01-05,2791,2790,SZ000820,-0.05595238,0.0023310999999999193,0.19753498,0.19753498,0.25348736,-0.04376396533333334,-0.0050985782000000065,0.003057992891903973,0.0003651161589870416,7.9341505510914185,0,0,1,1,2,2
2024-01-08,2792,2792,SH600593,0.040969163,0.00011822999999999695,0.20354523,0.20354523,0.162576067,0.029043047666666665,0.0429660552,0.002904913099623632,0.00036408920623450035,7.934509235906662,0,0,0,1,0,1
2024-01-09,2787,2787,SH600198,-0.16867469,0.006457660000000032,0.1949918,0.1949918,0.36366648999999995,-0.08671518566666665,-0.013413970639999995,0.0029429348866505303,0.000367198891262683,7.932716688375519,0,0,2,2,2,3
2024-01-10,2788,2786,SH603099,-0.06755895,0.00021800000000005149,0.19764508,0.19764508,0.26520403000000004,-0.014007933333333339,-0.0254319332,0.003012688116112126,0.00036471234959763903,7.933075224082148,0,0,0,1,1,3
2024-01-11,2788,2787,SH600744,0.3815029,0.0003062500000000634,0.3815029,0.3815029,0.0,0.041500543333333334,0.008162094,0.0030049314019847877,0.0003653467305628642,7.933075246215212,1,1,2,3,3,4
2024-01-12,2787,2786,SH600744,-0.09874477,0.001092639999999978,0.20607029,0.20607029,0.30481505999999997,0.044231919,0.033324964,0.0030800473572729615,0.00036631730287561175,7.932716274140148,0,0,2,2,3,3
2024-01-15,2787,2786,SH600744,-0.070566386,0.00231020000000004,0.21861087,0.21861087,0.289177256,0.015677701333333332,0.022520883399999997,0.0030072512566638927,0.00036741415412243784,7.932716494140925,0,0,1,3,2,4
2024-01-16,2791,2791,SZ000017,0.069424964,0.002515799999999957,0.2798574,0.2798574,0.21043243599999997,-0.040615936,-0.07061821559999999,0.0030443391540937574,0.0003651649050654104,7.9341505899955695,0,1,0,2,0,2
2024-01-17,2792,2791,SZ000017,0.050163936,0.0034138400000000013,0.23047318,0.23047318,0.180309244,-0.07686485700000001,-0.077758433,0.0029787644153652934,0.00036528169236851686,7.934509017850528,0,0,0,0,1,3
2024-01-18,2806,2805,SZ000017,0.1539182,0.0025350299999999937,0.17290322,0.17290322,0.01898501999999999,-0.004323365333333329,-0.0725810832,0.002928367813428414,0.00036463385373305593,7.939510963255806,1,1,2,3,2,3
2024-01-19,2803,2802,SZ000017,0.13041125,0.0009223400000000215,0.20972973,0.20972973,0.07931848,0.026873098,-0.0223903742,0.0029741683455064283,0.0003635720243589217,7.938441119628369,1,1,2,2,2,2
2024-01-22,2813,2812,SH600198,0.08791209,0.003483730000000018,0.2071066,0.2071066,0.11919451,-0.019849231666666665,-0.0137449505,0.0031621443842503633,0.0003633143567542147,7.942001805568517,0,0,0,0,0,0
2024-01-23,2817,2816,SH600198,0.08585858,0.002994959999999991,0.28027868,0.28027868,0.19442009999999998,0.06062351666666666,0.0398580324,0.0031911072182286664,0.0003636922096423861,7.9434226694179575,0,0,2,2,2,2
2024-01-24,2822,2819,SH600198,0.2139535,0.0065619499999999276,0.21882352,0.21882352,0.004870020000000003,0.13127085833333332,0.051818179000000006,0.0034779992285127468,0.000362889175004919,7.945195078506253,1,1,1,1,1,1
2024-01-25,2822,2820,SH600198,0.07279693,0.012893159999999959,0.2113276,0.2113276,0.13853067000000002,0.042425494,0.025764043599999998,0.0036575828319752378,0.00036509146499106183,7.945194435317542,0,0,0,1,1,3
2024-01-26,2824,2824,SH600198,-0.14285715,0.002012130000000001,0.19125684,0.19125684,0.33411398999999997,-0.13523006666666668,-0.09314358860000001,0.0036910755871753906,0.0003624455118477901,7.9459027715902,0,0,1,1,2,3
2024-01-29,2823,2822,SH600198,-0.20833333,0.004803800000000025,0.19202393,0.19202393,0.40035726000000005,-0.057158598000000005,-0.09836033160000002,0.0032558273235222556,0.0003622293593026588,7.9455501167492155,0,0,1,1,1,2
2024-01-30,2822,2821,SH600198,-0.23157895,0.0031382600000000593,0.19472362,0.19472362,0.42630257,-0.17558665866666667,-0.10243803520000001,0.0031198940689981273,0.0003626527375919811,7.945196255789297,0,0,1,1,1,3
2024-01-31,2822,2822,SH600198,-0.10273973,0.00319027999999999,0.24152543,0.24152543,0.34426516,-0.11780754666666667,-0.08981587399999999,0.0036269300809654505,0.00036594662245103394,7.9451945427361705,0,0,0,0,0,0
2024-02-01,2823,2822,SH600198,-0.030534351,0.01824490000000001,0.14691943,0.14691943,0.17745378099999998,-0.156532847,-0.1726820462,0.00375556373864565,0.0003674124079908141,7.945548362971762,0,0,0,1,1,2
2024-02-02,2825,2825,SH600198,-0.48818898,0.013647999999999993,0.13191573,0.13191573,0.62010471,-0.39572039,-0.369652266,0.004751884794753952,0.0003698211458925388,7.946252324851711,0,0,0,0,0,0
2024-02-05,2824,2823,SH600744,0.17028986,0.007755570000000045,0.27464157,0.27464157,0.10435171000000001,0.09960818666666667,0.0713368532,0.005189306531610235,0.00037325500967463074,7.945896081489945,0,1,0,1,2,3
2024-02-06,2828,2828,SH600076,-0.1865285,0.0003908999999999718,0.23489477,0.23489477,0.42142327,-0.13009603333333333,-0.13242657260000001,0.005211255284558345,0.0003692714138911496,7.9473114115945815,0,0,0,0,1,1
2024-02-07,2833,2831,SH600198,1.6875,0.012595460000000003,1.6875,1.6875,0.0,0.81240437,0.651213712,0.005930225258972356,0.00037725219550946817,7.949073803368558,1,1,8,9,8,11
2024-02-08,2835,2831,SH600744,0.06896552,0.00047426000000005963,0.20721312,0.20721312,0.1382476,0.10351374333333334,0.11967646000000001,0.006088719667976332,0.0003662603464809109,7.949778634760935,0,0,1,2,1,2
2024-02-19,2836,2834,SH600076,0.055555556,0.0016088399999999448,0.2257251,0.2257251,0.170169544,0.06828990116666667,0.0409739407,0.006056762251586013,0.0003646349052727183,7.950131503386347,0,0,1,1,1,1
2024-02-20,2835,2833,SZ000889,0.11574074,0.005717740000000027,0.2571304,0.2571304,0.14138965999999997,0.10136085533333333,0.0854648324,0.00550671894495495,0.00036464220629634425,7.949782007949485,0,0,1,2,2,4
2024-02-21,2837,2835,SH600076,0.014925373,0.00030233999999995653,0.205298,0.205298,0.19037262700000002,0.04090703066666667,0.057466932799999995,0.005531462956699925,0.00036306778487203635,7.950487097830949,0,0,2,2,2,2
2024-02-22,2837,2832,SH600744,0.103515625,0.004342499999999916,0.2747253,0.2747253,0.171209675,0.08656363166666665,0.1094418744,0.0046896104046544014,0.00036205069247610856,7.95049141175172,0,0,2,2,3,4
2024-02-23,2836,2833,SH600744,-0.031858407,0.0030287399999999742,0.22778167,0.22778167,0.25964007699999997,-0.010294328,-0.020791982,0.004970927399027732,0.0003614919928299539,7.950137509234276,0,0,0,0,0,0
2024-02-26,2839,2838,SH600744,0.054844607,0.0010053299999999155,0.3043478,0.3043478,0.249503193,0.13020628033333334,0.1832329602,0.005025275429622009,0.00036020207569610504,7.9511945120333,0,0,4,4,5,6
2024-02-27,2841,2841,SZ000889,-0.28474575,2.9669999999981655e-05,0.19969743,0.19969743,0.48444318000000003,-0.20677737166666668,-0.197470711,0.005004816251211815,0.00036083049064842356,7.951898833500852,0,0,0,0,1,2
2024-02-28,2842,2841,SH600076,0.26421404,0.0026944000000000967,0.33333334,0.33333334,0.0691193,0.16220375666666664,0.14009751099999995,0.0051961398748653536,0.00036040873274389165,7.952249788609478,1,1,1,1,1,1
2024-02-29,2842,2836,SH600076,-0.04232804,0.003092100000000042,0.1978852,0.1978852,0.24021324,-0.038000012,-0.0368304432,0.004529960325736728,0.00036038539205024113,7.95225303044443,0,0,0,0,0,1
2024-03-01,2840,2838,SH600076,-0.11878453,0.0009630599999999045,0.23411816,0.23411816,0.35290268999999996,-0.06568992783333334,-0.0602286713,0.004238897055184561,0.0003598048347443187,7.951550332484842,0,0,0,0,0,0
2024-03-04,2841,2841,SH600678,-0.06386419,0.000764760000000031,0.1887218,0.1887218,0.25258599,-0.05696498966666666,-0.0320874196,0.004474958436570135,0.0003597207301317633,7.951901351622011,0,0,0,0,1,1
2024-03-05,2841,2841,SZ000889,0.101604275,0.0009386600000000911,0.25008303,0.25008303,0.148478755,0.0424424152,0.005146508120000001,0.004860650068228556,0.0003610403940438593,7.951899542344504,0,0,0,0,0,0
2024-03-06,2842,2842,SZ000889,-0.04368932,0.0037481600000000004,0.15315789,0.15315789,0.19684721,-0.007994626,-0.029394192799999996,0.004523389131963845,0.000361432992635775,7.952253056769244,0,0,0,0,0,0
2024-03-07,2839,2839,SZ000889,0.07106599,0.007259099999999963,0.1988773,0.1988773,0.12781131,0.04839469799999999,0.013736649599999998,0.004551003190539181,0.0003627943173306153,7.951196772743011,0,0,0,1,0,1
2024-03-08,2839,2838,SZ000889,0.07109005,0.008556999999999926,0.2862347,0.2862347,0.21514465,0.13480363,0.1018185134,0.0043801428988036305,0.0003624552261675755,7.951197539861354,0,0,2,2,3,3
2024-03-11,2836,2836,SZ000889,-0.022123894,0.00939880000000004,0.1713191,0.1713191,0.193442994,0.029635607866666663,-0.0016626172800000033,0.004358991691506981,0.00036352579504782766,7.950140370067045,0,0,0,1,0,1
2024-03-12,2834,2834,SZ000889,0.022624435,0.002769359999999943,0.20571429,0.20571429,0.183089855,0.04633521466666666,0.0017754801999999973,0.004198852526903964,0.00036362129662709984,7.949435578379813,0,0,0,1,1,2
2024-03-13,2834,2831,SZ000889,-0.044247787,0.004626939999999968,0.21089631,0.21089631,0.255144097,-0.013253117333333328,-0.0019718355999999966,0.004133113357171543,0.0003613957487926317,7.949435863529624,0,0,0,2,0,2
2024-03-14,2834,2834,SH603580,0.09840843,0.003908929999999922,0.20970266,0.20970266,0.11129423000000001,0.029826158333333335,0.056415654999999995,0.0036722335114798455,0.0003617407600067836,7.949437662567121,0,0,1,1,2,2
2024-03-15,2830,2830,SZ002076,-0.19512194,0.0057019000000000375,0.19909503,0.19909503,0.39421697,-0.046400718333333334,0.019896942600000002,0.003516607440538603,0.00036206053574548057,7.948025793340487,0,0,2,2,2,2
2024-03-18,2823,2823,SH603580,0.11739301,0.00021289999999996034,0.20188679,0.20188679,0.08449378,0.005135328666666671,0.021758460000000007,0.003567826304714021,0.00036127380415165456,7.945549052712858,0,1,1,3,1,3
2024-03-19,2827,2824,SZ002211,0.07883818,1.5899999999957615e-05,0.29847494,0.29847494,0.21963676000000004,0.06673622466666666,0.0742263368,0.003463377682993169,0.00036038079520980224,7.946965348371504,0,0,0,0,3,3
2024-03-20,2823,2822,SZ000571,-0.12445003,8.530000000006588e-05,0.2069853,0.2069853,0.33143533000000003,-0.12111297333333333,-0.092507375,0.00362479590412487,0.00036166701265631234,7.945548845162929,0,0,0,0,1,2
2024-03-21,2825,2824,SH603580,-0.031092964,0.0006148500000000556,0.21364985,0.21364985,0.244742814,-0.070515528,-0.1057049636,0.0035702789740660597,0.00036071985643889107,7.946257255762337,0,0,1,1,1,1
2024-03-22,2826,2825,SH603879,-0.054274086,0.0013401400000000452,0.44106463,0.44106463,0.495338716,-0.06466748433333333,-0.06649119319999999,0.003364468665508655,0.0003610446491893383,7.946611890858822,0,0,0,1,1,2
2024-03-25,2822,2820,SH600083,-0.099910796,0.0006662299999999899,0.21518987,0.21518987,0.315100666,-0.021771094333333334,-0.0443210366,0.003378447033160166,0.00036322927981818784,7.94519541161595,0,0,0,1,0,1
2024-03-26,2819,2818,SZ002089,-0.40963855,0.012394499999999975,0.23243243,0.23243243,0.64207098,-0.059068706666666665,-0.0500341418,0.003413574003798151,0.00036613237476385496,7.944131652818245,0,0,2,3,2,3
2024-03-27,2808,2806,SZ002089,0.6938776,0.016295600000000077,0.6938776,0.6938776,0.0,0.27525671566666665,0.15233310719999998,0.0034375172731126355,0.0003697615399215726,7.940221840364549,1,1,1,2,1,2
2024-03-28,2800,2798,SZ002089,-0.40963855,0.016431100000000032,0.18535826,0.18535826,0.59499681,-0.1676776166666667,-0.1291195886,0.003393457084983636,0.00037014113132742256,7.937368921908511,0,0,0,0,0,0
2024-03-29,2798,2798,SZ002089,-0.3469388,0.0058122999999999925,0.2520661,0.2520661,0.5990049,-0.13721281233333332,-0.10416796039999998,0.0033928047268850267,0.00036757540521737027,7.936654387218424,0,0,0,0,0,0
2024-04-01,2805,2804,SZ002089,0.53125,0.011906399999999984,0.53125,0.53125,0.0,0.1405398416666667,0.103247205,0.003273740848141527,0.00036763611708386134,7.939153447024879,1,1,2,3,3,4
2024-04-02,2810,2809,SZ002089,0.0,0.023800860000000035,0.20038168,0.20038168,0.20038168,0.018109350000000007,0.019202086000000004,0.003497127679941319,0.0003708698486371158,7.940933625647794,0,0,3,3,4,5
2024-04-03,2809,2808,SZ002089,0.3469388,0.005554040000000038,0.40561622,0.40561622,0.058677420000000036,0.08696029933333332,0.0147689304,0.003332851399849307,0.0003655597588668217,7.940578256561514,1,1,1,1,1,2
2024-04-08,2814,2814,SZ002089,0.0,0.018030239999999975,0.17650513,0.17650513,0.17650513,-0.013318534666666668,-0.002854275200000001,0.003378414513519342,0.0003698288640623846,7.9423565108957375,0,0,0,1,1,2
2024-04-09,2817,2817,SZ002089,0.5151515,0.016910790000000064,0.5151515,0.5151515,0.0,0.24724299766666666,0.1108855776,0.0033347289338970985,0.0003681033822195081,7.943422189001765,1,1,2,3,3,4
2024-04-10,2817,2817,SZ000889,-0.021186441,0.00044149999999998357,0.1908506,0.1908506,0.212037041,-0.08877980699999999,-0.055189854199999985,0.003173247513693486,0.0003618885863901832,7.943422722842652,0,0,0,0,0,0
2024-04-11,2814,2814,SH600198,-0.1502146,0.004236530000000016,0.21860096,0.21860096,0.36881556000000004,-0.12307199333333334,-0.09687759886,0.0032287202769824574,0.00036324239458339515,7.942357014062155,0,0,0,0,2,2
2024-04-12,2815,2815,SZ000889,-0.23353294,0.0009443199999999985,0.17230347,0.17230347,0.40583641,-0.13291753466666664,-0.1545858628,0.0032971882017262333,0.00036222469120374194,7.942712092955752,0,0,0,0,0,0
2024-04-15,2822,2822,SH600076,-0.22169812,0.00044887999999998485,0.17465957,0.17465957,0.39635769,-0.25183765,-0.22311756099999996,0.0034527193974847087,0.00036287983093757757,7.9451951594358246,0,0,0,0,0,0
2024-04-16,2826,2826,SH600198,0.42105263,0.002431640000000068,0.42105263,0.42105263,0.0,0.28579125666666666,0.22123335000000002,0.0042650703337616955,0.0003696029847576335,7.946608430951441,1,1,3,4,4,5
2024-04-17,2824,2824,SH600198,-0.018518519,0.007895949999999985,0.19197877,0.19197877,0.210497289,-0.06486602966666667,-0.1746407698,0.004808049392847958,0.0003680928723490003,7.945898009312009,0,0,0,0,0,0
2024-04-18,2822,2822,SZ000889,0.6666667,0.020147849999999967,0.6666667,0.6666667,0.0,0.07646837666666663,0.023403951999999978,0.004051421377681261,0.00037115742684181216,7.945192894448579,1,1,1,1,2,3
2024-04-19,2821,2819,SH600198,0.1438849,0.0022866100000000777,0.8214286,0.8214286,0.6775437,0.021629960000000004,0.150489212,0.004280492811712086,0.0003780491629062007,7.944837499087837,1,1,2,2,2,2
2024-04-22,2817,2815,SH600198,0.0,0.0025958999999999843,0.24670433,0.24670433,0.24670433,0.023121386666666664,0.030950691399999997,0.004109385746187975,0.0003662168481576988,7.943419301878631,0,0,1,2,1,2
2024-04-23,2811,2808,SH600076,0.05945946,0.0022075599999999973,0.2749411,0.2749411,0.21548164,0.09481528666666666,0.0676676376,0.0037366859290205367,0.00036706533436898744,7.941288567751199,0,0,2,3,4,6
2024-04-24,2810,2807,SZ000889,-0.11111111,0.02808899999999992,0.20338982,0.20338982,0.31450093,0.037562291,0.059294130599999995,0.0038312760951339227,0.000374802232590392,7.940932388358236,0,0,3,3,3,3
2024-04-25,2809,2808,SZ000889,-0.75,0.020550069999999976,0.2237158,0.2237158,0.9737158,-0.27080787116666666,-0.14849385520000002,0.0039326973984796735,0.0003725766803695318,7.940576067737657,0,0,1,1,1,1
2024-04-26,2806,2804,SZ000889,6.9,0.028970199999999946,6.9,6.9,0.0,2.4177269200000002,1.4843248226,0.0037915487767526904,0.00037558977926724954,7.939508042035431,1,1,2,4,4,6
2024-04-29,2806,2805,SH600727,0.008508053,0.0033791100000000185,0.43037975,0.18823853,0.179730477,-0.014949019333333334,-0.0363815422,0.003758022494272097,0.00036792200408855314,7.939508183260639,0,0,1,1,1,1
2024-04-30,2781,2780,SH600727,0.10063272,0.004996529999999999,0.30973452,0.1816839,0.08105118000000001,0.0528929,0.0351548614,0.003712867497830922,0.00037343521185487726,7.930558942621808,0,0,1,1,2,2
2024-05-06,2818,2816,SZ000692,0.14096302,0.002027630000000058,0.2635135,0.20344457,0.06248155,0.07348621333333333,0.0333518668,0.0036330646637496465,0.00036587979594835773,7.943776078118503,1,1,2,2,3,4
2024-05-07,2816,2813,SH600727,0.018130746,0.0042592000000000185,0.24937965,0.24937965,0.231248904,-0.03855088366666667,-0.0550349542,0.003807531843074485,0.000364069703067442,7.943065454841048,0,0,1,2,2,4
2024-05-08,2814,2812,SZ000889,0.12182741,0.01256209999999991,0.18341807,0.18341807,0.06159065999999999,-0.0035601870000000015,0.0101578438,0.003814610029765654,0.000368248504563957,7.942354943259753,0,1,0,1,0,2
2024-05-09,2812,2811,SZ000889,0.022624435,0.004605549999999958,0.26054853,0.26054853,0.237924095,-0.023767100666666666,-0.0354908268,0.0038023436720912253,0.0003652444987427329,7.941644006391204,0,0,1,1,1,1
2024-05-10,2812,2811,SZ000889,-0.06637168,0.009641870000000052,0.16367102,0.16367102,0.2300427,-0.051536593666666665,-0.041861937599999996,0.003922402418262699,0.0003670209468033871,7.941643540926451,0,0,0,0,1,1
2024-05-13,2811,2810,SZ000889,0.27962086,0.008277589999999946,0.27962086,0.27962086,0.0,0.08975836666666669,0.04032373480000001,0.003711086565199632,0.00036603620010858663,7.941288667996433,1,1,1,2,2,3
2024-05-14,2815,2814,SZ000889,0.14444445,0.005222200000000066,0.19735038,0.19735038,0.05290592999999999,0.07096344266666667,0.078720646,0.003747039863143593,0.00036432184233964836,7.942710505523855,1,1,2,2,3,3
2024-05-15,2813,2812,SZ000889,-0.14239483,0.00753868000000002,0.20201097,0.20201097,0.3444058,-0.060808698333333334,-0.0354150784,0.003932662451462576,0.00036544504884297084,7.941999060830337,0,0,0,0,2,2
2024-05-16,2806,2806,SZ000889,0.14716981,0.0026872000000000007,0.19923858,0.19923858,0.052068769999999986,0.124442532,0.0580126908,0.00396453992601253,0.00036391352518617856,7.9395073908909595,1,1,2,3,2,3
2024-05-17,2802,2801,SH600198,-0.07881773,0.0026359000000000243,0.16393442,0.16393442,0.24275215,-0.024029753333333334,-0.0402999024,0.0038377656574580857,0.0003658417621120881,7.938081346014514,0,0,0,1,1,3
2024-05-20,2796,2796,SH600198,-0.06417112,0.00248219999999999,0.16176471,0.16176471,0.22593583,-0.009713968666666664,0.0356426076,0.0037103051238775477,0.00036709443794818964,7.935938204235136,0,0,2,3,3,6
2024-05-21,2796,2795,SZ000889,0.11048159,0.005969240000000098,0.1925974,0.1925974,0.08211581,0.02008173566666667,-0.005420664599999998,0.0035351136226899043,0.00036746029191972446,7.935938840302611,0,1,1,2,1,2
2024-05-22,2795,2795,SZ000692,-0.012415933,0.0015370800000000795,0.18442415,0.18442415,0.196840083,0.03255579333333333,0.0009415849999999997,0.0035591562029410316,0.00036628794903612304,7.9355810394169435,0,0,1,1,2,2
2024-05-23,2789,2788,SZ000889,0.14285715,0.0029194399999999954,0.16975537,0.16975537,0.02689822,0.02283776066666666,-0.008294506800000006,0.0033751371797232227,0.0003665358479732189,7.933432681069748,1,1,2,2,2,2
2024-05-24,2791,2791,SZ000889,0.032407407,0.010600539999999992,0.2581888,0.2581888,0.225781393,0.06219477366666667,0.0320438234,0.0034200176341662417,0.0003705084302140066,7.934149368512012,0,0,2,2,2,2
2024-05-27,2789,2788,SZ000889,0.10986547,0.01266436999999998,0.19804287,0.19804287,0.0881774,-0.043898173333333325,-0.011883643999999994,0.003253663961574305,0.0003700738158320794,7.933433081032621,0,1,3,4,4,6
2024-05-28,2786,2786,SZ000889,0.030303031,0.003416599999999992,0.25535882,0.25535882,0.22505578899999998,-0.14869113966666667,-0.0864989632,0.0033096682783994515,0.0003692885272668606,7.932356661807811,0,0,0,0,0,0
2024-05-29,2776,2775,SZ000889,-0.07647059,0.009535450000000001,0.23340471,0.23340471,0.30987529999999996,-0.09038522333333333,-0.090566536,0.003302364967966327,0.00037530002272934555,7.9287608472358375,0,0,0,0,1,1
2024-05-30,2767,2767,SZ000793,-0.4460094,0.012307699999999921,0.35436863,0.35436863,0.8003780300000001,-0.1879272,-0.073479814,0.0033244784086531873,0.0003751591409085381,7.925513433997159,0,0,3,3,3,4
2024-05-31,2749,2748,SZ000692,-0.039173014,0.0009011600000000675,0.34745762,0.34745762,0.38663063400000003,0.03684816533333334,-0.0054252433999999955,0.003225201461064447,0.00037251872892708033,7.918987274727745,0,0,2,2,4,4
2024-06-03,2746,2744,SZ000692,0.3714609,0.006905959999999989,1.2767296,0.3714609,0.0,0.07405421599999999,0.020292895199999994,0.0034294591976841765,0.0003791378561879513,7.917894688408672,1,1,3,3,3,3
2024-06-04,2742,2740,SH600198,0.10084034,0.004481049999999986,0.13423914,0.13423914,0.033398800000000006,0.03406358,-0.008583078,0.003364869761994746,0.0003758554863854366,7.916437186198609,1,1,1,3,1,3
2024-06-05,2740,2739,SZ000622,-0.13333334,0.007030699999999945,0.12826087,0.12826087,0.26159421,-0.14064229,-0.139740314,0.003496837359883537,0.0003779274872801995,7.915707061828682,0,0,1,1,1,2
2024-06-06,2746,2745,SZ000692,0.08910454,0.00229206000000004,0.33830845,0.27086008,0.18175554,0.06804679666666667,0.034726212,0.003973983000572072,0.0003742107724456728,7.9178926685625735,0,0,3,4,3,5
2024-06-07,2735,2732,SH600198,0.16666667,0.0010871999999999549,0.27509293,0.16666667,0.0,0.027294331333333328,0.0029298587999999986,0.0042558830412029,0.00037778286044512006,7.913877630810909,1,1,3,3,4,4
2024-06-11,2732,2728,SH600198,0.007936508,0.005487799999999932,0.23760933,0.1884307,0.180494192,0.07637902266666667,0.0631804614,0.0038321036999542668,0.00037754748143845214,7.9127818590259285,0,0,4,4,4,5
2024-06-12,2722,2717,SH600653,-0.1840935,0.0023978000000000055,0.3244552,0.3244552,0.5085487,-0.06571240333333334,-0.059339755400000006,0.0038609332680060384,0.00037843484368227853,7.909114706725801,0,0,2,2,3,3
2024-06-13,2719,2716,SH600868,0.0,0.0032527999999999446,0.16750842,0.16750842,0.16750842,-0.07621876,-0.030701999999999997,0.003672039886379036,0.0003783797957294787,7.908012681594531,0,0,2,2,3,5
2024-06-14,2709,2706,SH600868,-0.018437652,0.007412300000000038,0.19575472,0.19575472,0.214192372,-0.027580412666666665,-0.0346412092,0.0036027384962804376,0.0003806839410808356,7.904328326770324,0,0,1,1,2,2
2024-06-17,2696,2695,SZ000889,-0.03916449,0.0011281999999999126,0.23255815,0.23255815,0.27172264,-0.024834631333333333,-0.004677476599999999,0.0034335409937418463,0.0003808160921250491,7.899518555831607,0,0,2,2,2,3
2024-06-18,2675,2675,SZ000622,0.21428572,0.014354260000000063,0.2885906,0.2885906,0.07430487999999996,-0.019099868333333322,-0.036593257799999994,0.0036565301767446643,0.00038980365820316714,7.891697946883141,1,1,2,4,4,7
2024-06-19,2650,2650,SZ000889,-0.036363635,0.000353600000000065,0.16334662,0.16334662,0.199710255,-0.10762138833333333,-0.1028714426,0.003717500788584522,0.0003892391904606954,7.882307986214457,0,0,0,1,0,1
2024-06-20,2648,2648,SZ000622,0.22222222,6.353999999997306e-05,0.22222222,0.22222222,0.0,0.029106362333333333,0.0008790708000000036,0.0037869834885794493,0.00039062622311030745,7.881552717934007,1,1,2,2,3,3
2024-06-21,2633,2632,SZ000889,-0.25,0.001565099999999986,0.15151516,0.15151516,0.40151516,-0.09523795333333333,-0.051801688,0.0037443979007082133,0.0003941452020371981,7.875872117272742,0,0,1,1,1,1
2024-06-24,2626,2626,SZ000889,-0.028248588,0.006673700000000005,0.20457433,0.20457433,0.232822918,0.04254162366666666,0.010506519999999995,0.003832565490013983,0.000398375468793991,7.873209669518749,0,0,1,1,1,1
2024-06-25,2614,2614,SZ000889,-0.25581396,0.019228809999999985,0.5,0.5,0.75581396,0.10058183999999999,0.098299212,0.003963361090860767,0.0004026332837852817,7.8686289958851745,0,0,2,4,3,5
2024-06-26,2611,2611,SZ000889,0.0390625,0.015921949999999963,0.1734164,0.1734164,0.1343539,-0.056800988,-0.07056172279999999,0.0040913032189581105,0.0004027645003331301,7.867480157698779,0,0,0,1,0,1
2024-06-27,2606,2606,SZ000889,0.11278196,0.02566908999999995,0.30786562,0.30786562,0.19508366,0.033988456666666673,0.047916009999999995,0.004049133193253297,0.0004067537434289185,7.865563510710992,1,1,3,3,4,6
2024-06-28,2600,2599,SZ000889,0.19594595,0.0020408699999999724,3.347826,3.347826,3.15188005,1.21802558,0.702141184,0.003921665636904602,0.0004023778649748188,7.863258989370246,1,1,3,4,4,6
2024-07-01,2585,2583,SZ000889,0.13559322,0.008488599999999957,0.5608365,0.5608365,0.42524328,0.13367501499999998,0.101063905,0.003843963301231491,0.00040128516625992453,7.857473369812343,0,1,4,7,4,8
2024-07-02,2562,2559,SZ000889,0.14925373,0.0035276699999999828,0.23995128,0.15041617,0.0011624399999999868,0.05870275233333334,0.007842902800000004,0.004084652146442694,0.00040972746748246526,7.8485350959505364,1,1,2,4,2,4
2024-07-03,2542,2541,SH600076,-0.58419245,0.002116849999999948,0.16516854,0.16516854,0.74936099,-0.18400359833333332,-0.17142414499999997,0.00419966340367675,0.0004069743300814102,7.840697594226804,0,0,2,3,2,3
2024-07-04,2535,2535,SZ000622,-0.078947365,0.0013901300000001005,0.5479452,0.5479452,0.626892565,-0.133753805,-0.0460173618,0.004132424484679902,0.00040828295722857065,7.837940343768699,0,0,1,2,2,3
2024-07-05,2483,2481,SZ000622,-0.0952381,0.010738339999999957,0.24390244,0.24390244,0.33914054,-0.05743917466666667,-0.007159526799999999,0.0038760078750519826,0.000418780204625772,7.8172152412903895,0,0,1,1,1,1
2024-07-08,2446,2444,SZ000622,-0.010526316,0.0028002899999999276,0.32307693,0.32307693,0.33360324599999996,0.036282304666666675,-0.0726163492,0.0038208760554264403,0.00042394450606238166,7.802201986671541,0,0,3,3,3,3
2024-07-09,2445,2444,SZ000622,-0.021276595,0.0038027699999999554,0.19747417,0.19747417,0.218750765,0.060239400666666665,0.014259322600000002,0.0037420644580308496,0.000422718245543832,7.8017933739637755,0,0,3,3,4,4
2024-07-10,2444,2441,SZ000622,0.032608695,0.0008703500000000197,0.4864865,0.4864865,0.45387780499999997,0.10837950333333334,0.184796912,0.003859197604500552,0.0004237046363854154,7.801383845156266,0,0,4,6,5,8
2024-07-11,2454,2453,SH600868,0.024234693,0.002312130000000079,0.15464994,0.15464994,0.130415247,0.022113319333333336,0.0200788748,0.004103560365475045,0.0004217236130473964,7.80546617572473,0,0,1,1,1,1
2024-07-12,2458,2458,SZ000622,-0.07070707,0.004480189999999995,0.14927647,0.14927647,0.21998353999999998,-0.011926791666666667,-0.0374539158,0.003991531140406341,0.00042222049585839835,7.807095291524526,0,0,2,2,3,3
2024-07-15,2446,2445,SZ000622,-0.010869565,0.0008362399999999326,0.33333334,0.33333334,0.344202905,0.022115208333333334,0.010729227,0.0037936814480086503,0.00042161988760249826,7.802202095020032,0,0,0,1,2,4
2024-07-16,2446,2444,SZ000889,0.031847134,0.003846459999999996,0.18985328,0.18985328,0.15800614600000001,-0.056064795333333334,-0.0762267472,0.003793703137709795,0.0004211014051943365,7.802202093318498,0,0,1,1,1,2
2024-07-17,2439,2439,SZ000889,0.0,0.0050327600000000805,0.18270142,0.18270142,0.18270142,-0.018167296666666666,-0.016900378,0.003699825485011258,0.0004220545941084336,7.799336531084734,0,0,0,0,0,1
2024-07-18,2426,2423,SZ000889,0.18518518,0.002347499999999947,0.22727273,0.22727273,0.04208755,0.11996460233333332,0.09138076139999998,0.0037505010483063405,0.0004234369919175687,7.793992035365202,1,1,2,2,3,3
2024-07-19,2423,2423,SZ000889,0.072916664,0.0024743000000000404,0.40212765,0.40212765,0.329210986,0.065457818,0.0350193718,0.003927146726706197,0.00042663999165599395,7.7927539800686745,0,0,2,2,2,2
2024-07-22,2408,2406,SH600076,0.31578946,0.002973699999999968,0.31578946,0.31578946,0.0,0.000494135000000002,0.013112944999999997,0.003755771118183573,0.0004274207400248957,7.78654472844959,1,1,3,3,4,5
2024-07-23,2408,2406,SH600076,-0.46,0.007020899999999997,0.13827054,0.13827054,0.59827054,-0.12579710333333335,-0.11002764800000002,0.003779166655397133,0.0004330862352846754,7.786544625607785,0,0,1,2,1,2
2024-07-24,2400,2398,SH600811,-0.10306407,0.020881969999999916,0.4055944,0.4055944,0.50865847,0.13788048,0.08139064800000001,0.0037970218611632577,0.0004383036454048465,7.78321676647793,0,0,2,4,3,5
2024-07-25,2396,2394,SH600811,-0.01863354,0.002726239999999991,1.875,1.875,1.89363354,0.04926473666666666,0.164430644,0.0038106994214969084,0.000432855379611289,7.7815486693045335,0,0,3,3,4,5
2024-07-26,2389,2385,SH600198,0.3943662,0.0061835000000000084,0.3943662,0.3943662,0.0,0.23164344,0.19386736259999998,0.0038702350440022295,0.0004336949241533709,7.778622628542928,1,1,4,5,4,5
2024-07-29,2384,2381,SH600198,0.17171717,0.013380770000000042,1.04,1.04,0.8682828300000001,0.3878257586666667,0.22279704320000002,0.003906339423518275,0.0004385065513146851,7.7765273597217695,1,1,2,3,3,5
2024-07-30,2375,2373,SH600198,0.1724138,0.0008785599999999727,0.23356402,0.23356402,0.061150220000000005,0.059148633000000006,0.0582096864,0.004135790240531973,0.0004366220053742883,7.772744123382968,1,1,2,2,3,3
2024-07-31,2388,2387,SH600198,-0.073529415,0.003568649999999951,0.19815087,0.19815087,0.271680285,-0.08016618633333333,-0.0277607298,0.003783906248195618,0.0004304760908619144,7.778204294781299,0,0,2,3,2,3
2024-08-01,2392,2391,SH600198,-0.07936508,0.0009617600000000337,0.24142157,0.24142157,0.32078665,0.040413388,0.032607166199999996,0.0037594867223125954,0.0004282114383904126,7.779878027652417,0,0,1,1,2,2
2024-08-02,2403,2401,SZ000040,0.9130435,0.012655960000000022,0.9130435,0.9130435,0.0,0.287414125,0.12921871499999998,0.0038273044923457867,0.0004312771113205609,7.784465885902124,1,1,1,2,1,2
2024-08-05,2419,2419,SH600198,0.1010101,0.0005252399999999824,0.8068182,0.8068182,0.7058081,0.2964202206666667,0.1980089948,0.003812328772471943,0.00042469854494983097,7.791102217849582,0,0,2,2,2,3
2024-08-06,2417,2415,SH600198,0.09174312,0.0038249999999999673,0.26415095,0.20926517,0.11752205,-0.0008382446666666682,-0.0203429904,0.003941174814979169,0.0004251841650552236,7.790274587973051,0,0,3,3,4,5
2024-08-07,2421,2419,SH600198,0.0,0.009095839999999966,0.2039801,0.18746842,0.18746842,0.005960568666666667,0.0356495926,0.0037531414569447604,0.0004261908489656324,7.7919288896650265,0,0,3,3,5,6
2024-08-08,2412,2410,SH600198,-0.084033616,0.0007928999999999853,0.18835616,0.18835616,0.27238977600000003,-0.11249987866666666,-0.1340379864,0.0038113162426839276,0.0004317151215861063,7.788204261982873,0,0,0,0,0,1
2024-08-09,2409,2406,SZ000040,-0.35042736,0.008261439999999953,0.17094018,0.17094018,0.52136754,-0.10467888333333335,-0.12923696599999998,0.003782371623721321,0.00042833447586428146,7.786959824692079,0,0,1,1,1,2
2024-08-12,2414,2414,SZ000040,-0.47368422,0.0035185699999999986,0.31925675,0.31925675,0.79294097,-0.03497417333333334,0.010950228999999997,0.003640304355493243,0.00042578829699915804,7.789033755093363,0,0,4,5,4,5
2024-08-13,2418,2416,SZ000793,-0.0524968,0.0030994399999999533,0.75,0.75,0.8024968,-0.03781169933333333,0.11473765360000002,0.003583202150423955,0.00042657908546864275,7.790689585450565,0,0,1,2,1,2
2024-08-14,2421,2420,SH600198,0.117117114,0.0015695499999999196,0.20273484,0.20273484,0.085617726,0.08356538399999998,0.02839216499999999,0.0035684209983714837,0.0004242911328231321,7.7919295690282295,0,1,1,2,3,5
2024-08-15,2426,2424,SH600198,-0.05645161,0.00840059999999998,0.1616644,0.1616644,0.21811601000000003,-0.09863009,-0.054224826000000004,0.003581349754648334,0.0004268558293858681,7.793992653784665,0,0,0,0,0,0
2024-08-16,2432,2432,SH600198,0.042735044,0.0025995399999999558,0.375,0.375,0.332264956,-0.008743492,0.0662403912,0.0035399264680707814,0.00042314279446642656,7.796462956954906,0,0,2,3,2,3
2024-08-19,2427,2426,SH600198,-0.06557377,0.0042200399999999805,0.54545456,0.16715977,0.23273354000000002,-0.089971428,-0.09625301680000001,0.003393405374158282,0.0004309143786091217,7.794405419858233,0,0,1,1,1,1
2024-08-20,2422,2422,SH600076,0.0,0.004628599999999983,0.1845039,0.1845039,0.1845039,-0.015552395333333332,-0.0274239452,0.003277986525664606,0.0004243611737351526,7.792343537792961,0,0,0,2,0,2
2024-08-21,2421,2418,SH600076,-0.1904762,0.006928840000000047,0.5294118,0.30536914,0.49584534,0.04510036766666666,0.012219958099999996,0.003584016424604786,0.0004363918441385451,7.791929492413379,0,0,2,2,2,3
2024-08-22,2422,2420,SH600076,0.0,0.006150760000000033,0.25228518,0.25228518,0.25228518,-0.012830043333333332,0.0205708528,0.0035229235597919175,0.00042461918412154076,7.792342700495053,0,0,0,0,1,1
2024-08-23,2419,2417,SH600076,0.47058824,0.00036089999999999733,1.3653846,0.47058824,0.0,0.06192274,0.052226664,0.003594720104277625,0.0004325256789168511,7.791103019412233,1,1,3,3,3,3
2024-08-26,2427,2427,SH600076,-0.32,0.0050090999999999886,0.20993535,0.20993535,0.52993535,-0.116353573,-0.0899719118,0.0035230829121329927,0.00042364398721849057,7.794404983326137,0,0,1,2,3,4
2024-08-27,2439,2438,SZ000889,-0.026041666,0.01030960000000003,0.27027026,0.27027026,0.296311926,0.11048533466666666,0.06686426679999999,0.003539052424162243,0.0004233102708235085,7.799337119357547,0,0,2,3,3,6
2024-08-28,2410,2410,SH600198,0.20212767,0.0007084400000000324,0.22847302,0.22847302,0.02634534999999999,0.11599259666666667,0.08324669500000001,0.0035614121405067463,0.0004261000146893565,7.787375669257248,1,1,1,1,1,1
2024-08-29,2396,2394,SH600198,0.14159292,0.0022626000000000035,0.34146342,0.15947035,0.01787743,0.06888106333333334,0.054849525200000006,0.003574180407858624,0.00043773287572695344,7.781549544375401,1,1,3,3,3,3
2024-08-30,2409,2406,SH600198,-0.054263566,0.001247710000000013,0.16808964,0.16808964,0.22235320600000003,-0.007374662999999999,0.0121645058,0.003542487599625261,0.00043278650569075793,7.786960705898553,0,0,0,1,0,3
2024-09-02,2405,2404,SZ000040,0.3773585,0.014133850000000003,0.3773585,0.3773585,0.0,0.12736195733333333,0.0831458252,0.0034589960726623212,0.00043136543557108535,7.785299178073355,1,1,1,1,2,3
2024-09-03,2396,2394,SZ000040,-0.43835616,0.02808664000000005,0.18562874,0.18562874,0.6239849,-0.2724079833333333,-0.18462054320000001,0.0036031258617324536,0.00043973132978049545,7.781549433923687,0,0,2,3,2,4
2024-09-04,2392,2391,SZ000040,-0.048780486,0.015648400000000007,0.22634871,0.22634871,0.275129196,0.014951589,0.028994136400000002,0.003686540507862826,0.00043505122944964867,7.7798782934374415,0,0,0,1,0,1
2024-09-05,2382,2380,SZ000040,-0.094017096,0.005908350000000007,0.17204787,0.17204787,0.26606496599999996,-0.03383457533333333,-0.0137266612,0.0036431189246920433,0.0004330026651689517,7.775689093134286,0,0,2,3,4,5
2024-09-06,2378,2373,SZ000040,-0.3962264,0.017626760000000075,0.27564102,0.27564102,0.67186742,-0.07235886833333333,-0.045564837999999996,0.003730227064244704,0.0004376920722953918,7.774008095803777,0,0,1,1,3,4
2024-09-09,2372,2369,SH600156,-0.1356784,0.00040919999999999845,0.15449011,0.15449011,0.29016851,0.006956319999999998,-0.137487104,0.003786910016082389,0.000431969023300125,7.7714815671560435,0,0,1,1,1,1
2024-09-10,2369,2369,SH600156,0.034883723,0.0011594900000000408,1.2857143,1.2857143,1.2508305769999999,0.017475861,0.0145068706,0.00374083880196157,0.0004336571733728746,7.770216185189226,0,0,2,2,2,2
2024-09-11,2365,2364,SH600156,-0.061797753,0.0014031299999999192,0.31034482,0.31034482,0.37214257300000003,0.114075414,0.11651089240000001,0.0033860661158035227,0.0004320595232369901,7.768527554348214,0,0,4,5,4,5
2024-09-12,2362,2362,SH600198,0.9605263,0.011719900000000005,0.9605263,0.9605263,0.0,0.29607109966666667,0.21834974499999998,0.003540039733008095,0.0004381855256345099,7.767257710270249,1,1,2,2,3,3
2024-09-13,2360,2358,SZ000793,0.05163728,0.00028015000000003454,1.5,1.5,1.44836272,0.010461342666666667,-0.0345459084,0.003630351747433762,0.00044043739407622295,7.766410284721225,0,0,1,2,1,3
2024-09-18,2358,2356,SZ000793,0.049101796,0.0030038600000000804,0.39037836,0.39037836,0.34127656399999995,0.15386801666666666,0.0826736956,0.003593455784617786,0.00044155292071120774,7.765562600792545,0,0,3,3,4,5
2024-09-19,2387,2383,SZ000793,-0.030821918,0.00025049999999993133,0.2313297,0.17344896,0.20427087800000002,-0.010273972666666667,-0.0029889151999999987,0.0038250453673388356,0.0004336444476530297,7.77778529157737,0,0,1,1,2,3
2024-09-20,2392,2389,SH600719,-0.0070396443,0.000171200000000038,0.2576895,0.2576895,0.2647291443,0.0010980365666666686,0.039915912940000006,0.003767582990612295,0.0004341479439972699,7.7798779951910575,0,0,1,2,2,3
2024-09-23,2392,2389,SH600550,-0.19338818,0.00254119999999991,0.54545456,0.54545456,0.73884274,-0.041794849999999995,0.0035471870000000046,0.0037075637361164166,0.0004352538895293098,7.779878217917098,0,0,2,2,3,3
2024-09-24,2436,2431,SZ000816,-0.07474931,0.00040514999999996526,0.24646129,0.24646129,0.3212106,0.0012600566666666664,0.006969006,0.003673630442584343,0.0004269093537919687,7.798105857776868,0,0,1,2,3,4
2024-09-25,2487,2486,SH600198,-0.15458015,0.011209539999999962,0.9,0.9,1.05458015,0.2877403,0.24480809099999998,0.0037071367752318607,0.0004154679083098626,7.818825552768929,0,0,2,2,4,5
2024-09-26,2520,2512,SZ000793,0.17954724,0.003088850000000032,0.23463687,0.23463687,0.05508963,0.128803648,0.1035253116,0.0035834379910703843,0.00041177772966134106,7.832007739888308,1,1,2,2,3,3
2024-09-27,2562,2544,SZ000040,1.203125,0.0014185999999999366,1.203125,1.203125,0.0,0.6355158900000001,0.469451954,0.0035481939596691474,0.00040275496451325964,7.848537174099017,1,1,6,7,7,9
2024-09-30,2674,2438,SZ002693,0.098491,0.0013640600000000003,0.12532263,0.099769056,0.0012780559999999996,0.01295667866666666,-0.0492922048,0.0038101586675207506,0.0003827014360816159,7.891323496569923,1,1,0,0,1,1
2024-10-08,2747,2743,SH600198,-0.004132231,5.414999999997505e-05,0.19650654,0.19650654,0.200638771,-0.14883396033333332,-0.1667039962,0.0034646985003627595,0.00037101470336432357,7.918258681838185,0,0,0,0,0,0
2024-10-09,2767,2765,SH600198,-0.20193638,0.00017089999999997385,0.21356952,0.21356952,0.4155059,-0.121736408,-0.1555709108,0.0032460544310460673,0.00036778637384766804,7.925513706311518,0,0,0,1,0,1
2024-10-10,2785,2785,SZ000040,1.125,0.008195280000000027,1.125,1.125,0.0,0.3109076866666666,0.163198121,0.0034185540235510204,0.00036942692993087,7.931997296658253,1,1,1,1,1,3
2024-10-11,2783,2781,SZ000040,-0.1764706,0.01244400000000001,0.22232734,0.22232734,0.39879794,0.013776350000000001,0.0407680199,0.0035664918996952816,0.000371966369848731,7.931278385260011,0,0,2,2,2,2
2024-10-14,2791,2791,SH600076,-0.11666667,0.003103040000000057,1.0714285,1.0714285,1.18809517,0.3953638433333333,0.27371065299999997,0.003579826023868212,0.00036825839549656594,7.934148810740439,0,0,3,3,3,4
2024-10-15,2794,2792,SH600076,0.094339624,0.002135800000000021,0.25108764,0.25108764,0.156748016,0.07065073666666667,0.053182313599999996,0.0037730776750057537,0.0003692123930201866,7.9352223999654035,0,0,1,1,2,4
2024-10-16,2798,2793,SH600076,-0.13793103,0.0056184499999999415,0.22978723,0.22978723,0.36771826,-0.27339929533333335,-0.15868792240000001,0.003918086217493525,0.00036755188707840957,7.936652457592805,0,0,0,0,1,1
2024-10-17,2802,2801,SH600076,0.06,0.0018255400000000144,0.35143065,0.35143065,0.29143065,0.11090909333333333,0.152769086,0.0038659050992865015,0.00036766768045218534,7.938081229665691,0,0,2,2,2,3
2024-10-18,2803,2801,SH600076,-0.108490564,0.007146800000000009,0.20842671,0.20842671,0.31691727399999997,-0.195414108,-0.116846484,0.0035222024817318314,0.00036824545146671645,7.938439328068937,0,0,0,0,2,3
2024-10-21,2810,2808,SH600076,0.26984128,0.007846240000000004,0.75,0.75,0.48015872,0.29071846,0.1921267201,0.0036206674649719678,0.0003674066806689283,7.94093318721655,1,1,2,2,2,3
2024-10-22,2812,2810,SZ000040,0.64285713,0.00035903999999997716,0.64285713,0.64285713,0.0,0.233506655,0.12505145840000004,0.003866778318073125,0.00036789563155347133,7.941643751780838,1,1,2,4,2,4
2024-10-23,2815,2812,SH600076,0.17063493,0.0029619600000000412,0.65217394,0.65217394,0.48153901,0.3236646166666666,0.252177414,0.003860433856870167,0.00036706872103217116,7.942710063007421,0,1,2,4,4,6
2024-10-24,2820,2815,SZ000040,-0.078947365,0.006462960000000018,0.25601637,0.25601637,0.334963735,0.039781112333333334,0.0601092706,0.00390952834831541,0.00036687067847550764,7.944484492657849,0,0,0,1,3,4
2024-10-25,2822,2815,SH600076,0.18729097,0.00493834999999998,0.51428574,0.51428574,0.32699477000000005,0.34980093666666673,0.24643404920000003,0.004009377858264592,0.0003647396351358343,7.945193071950724,0,1,3,4,3,5
2024-10-28,2826,2815,SZ000040,-0.6226415,0.005718289999999904,0.20662075,0.20662075,0.82926225,-0.3391918713333333,-0.20601147419999996,0.004349823578080523,0.000364474633847005,7.946608075806656,0,0,0,0,0,0
2024-10-29,2829,2827,SZ000040,0.15,0.004696299999999987,0.3079616,0.3079616,0.1579616,0.17381789,0.11856983719999999,0.004275671497315311,0.00036246218652109244,7.9476694033755955,0,0,1,1,3,4
2024-10-30,2829,2821,SZ000040,0.5217391,0.008279499999999995,0.5217391,0.5217391,0.0,0.25043587,0.1651119268,0.004079770157235909,0.00036302466689562026,7.947670220580653,1,1,1,2,1,2
2024-10-31,2829,2820,SZ000040,0.75714284,0.008251999999999926,0.75714284,0.75714284,0.0,0.19000264433333333,0.04081804859999999,0.0043024894197772985,0.0003628826911581816,7.947669289169085,1,1,1,1,1,1
2024-11-01,2832,2828,SH600653,0.0,0.0021299999999999653,0.5365854,0.33513653,0.33513653,-0.03345289886666667,0.0053439206799999976,0.0041446726284192666,0.0003623659163868455,7.948729838899581,0,0,2,2,3,4
2024-11-04,2829,2825,SZ000622,0.15454546,0.0005560600000000804,0.26448244,0.26448244,0.10993697999999999,0.14384094,0.11644449999999999,0.003662462082580976,0.0003635099452763953,7.947671849825103,0,0,1,1,1,1
2024-11-05,2827,2821,SH600653,-0.05043633,0.0005740000000000745,0.20110701,0.20110701,0.25154334,0.041782436666666666,-0.0157507,0.003818919545373997,0.0003615109530936993,7.946964053027779,0,0,0,0,1,1
2024-11-06,2829,2825,SZ000040,0.4589372,0.0071485599999999705,0.4589372,0.4589372,0.0,0.2737589,0.20594187400000002,0.003914186841849824,0.00036277273305906026,7.947670893322641,1,1,3,4,4,7
2024-11-07,2829,2817,SZ000040,0.17549668,0.011685600000000074,0.21565658,0.21565658,0.0401599,-0.013997648000000001,-0.046568094,0.004060041643048163,0.0003635748537655835,7.94767031056792,1,1,1,2,1,3
2024-11-08,2829,2823,SZ000040,-0.33521128,0.009573940000000003,0.32293603,0.32293603,0.6581473099999999,-0.178976298,-0.09256780914,0.004015484001834682,0.00036420181392304575,7.947670485256246,0,0,0,0,1,1
2024-11-11,2830,2826,SZ000040,-0.17372881,0.008654660000000036,0.20421556,0.20421556,0.37794437000000003,0.017209028666666668,-0.0184867848,0.003798158781515522,0.00036253821857151124,7.9480247589726645,0,0,2,3,3,4
2024-11-12,2832,2831,SZ000040,0.0,0.00185175999999998,0.20699763,0.20699763,0.20699763,0.08181972333333333,0.0676592844,0.0038200191515200205,0.00036120402710119244,7.9487311402582055,0,0,1,1,1,1
2024-11-13,2833,2831,SZ000040,0.3025641,0.004151800000000039,0.3025641,0.3025641,0.0,0.08129128066666667,0.022752689799999996,0.0038544908444164117,0.00036111170219492233,7.949084053916811,1,1,1,1,1,1
2024-11-14,2836,2836,SZ000040,-0.23228346,0.005067760000000088,0.24798566,0.24798566,0.48026912,-0.16203666166666666,-0.016845017000000007,0.0037653880351961977,0.00036162309547769546,7.950142782572898,0,0,1,2,2,3
2024-11-15,2838,2836,SZ000040,0.2717949,0.004652019999999979,0.2717949,0.2717949,0.0,0.06002119733333333,0.0127803954,0.00371935897909261,0.0003602568628827775,7.950847924364554,1,1,1,2,2,3
2024-11-18,2834,2833,SZ000040,-0.07258064,0.011658559999999984,0.241033,0.241033,0.31361364,-0.08706507299999999,-0.05278035619999999,0.0037030146587082096,0.0003633336243676726,7.949437549867993,0,0,1,1,2,3
2024-11-19,2834,2832,SZ000040,0.07826087,0.0026884099999999744,0.2934735,0.2934735,0.21521263000000002,0.070333186,0.0998075161,0.0036719048345289335,0.0003609617912226042,7.949437664228376,0,0,2,2,3,3
2024-11-20,2836,2833,SZ000040,-0.09274194,0.0012606600000000245,0.2641784,0.2641784,0.35692033999999995,-0.001137880999999998,-0.010447766199999998,0.003938775382428554,0.0003591653167596539,7.950142118505113,0,0,0,0,0,0
2024-11-21,2836,2830,SZ000605,-0.014979573,2.559999999995899e-05,0.21379673,0.21379673,0.228776303,-0.107019623,-0.05244323139999999,0.0040452698019496506,0.00035948309707725494,7.950141687378562,0,0,1,1,1,2
2024-11-22,2837,2834,SH600800,-0.081946224,0.0010336600000000473,0.21468927,0.21468927,0.296635494,-0.11279339466666666,-0.0737881812,0.003957195397946453,0.0003600307001328117,7.950494587291097,0,0,0,0,0,0
2024-11-25,2837,2834,SH600800,-0.11901441,0.00018795999999998703,0.21907894,0.21907894,0.33809335,-0.04883362166666667,-0.074732219,0.004005072671232596,0.0003594561628823693,7.9504943966141965,0,0,0,1,1,2
2024-11-26,2836,2834,SZ000040,-0.07272727,0.0032014300000000606,0.2929293,0.2929293,0.36565657,-0.0044786100000000035,-0.005114422,0.0040695207159321045,0.0003601329601184045,7.9501415890008085,0,0,0,0,3,3
2024-11-27,2832,2830,SZ002862,-0.08247926,0.0008310399999998941,0.23529412,0.23529412,0.31777338,-0.09115506,-0.04293907739999999,0.003858811289742211,0.00036021091559462526,7.948730994719933,0,0,0,1,0,1
2024-11-28,2831,2827,SZ000040,-0.11764706,0.0014713499999999824,0.27640367,0.27640367,0.39405073,-0.04223332833333333,0.012192608600000002,0.004164921829213384,0.00035956378944737653,7.948376600142936,0,0,2,2,2,2
2024-11-29,2834,2830,SH603366,-0.052594505,0.0006270299999999729,0.28767124,0.28767124,0.340265745,-0.024595910333333332,0.0692043098,0.003830475406874664,0.0003595582207567977,7.949437068855346,0,0,1,2,2,3
2024-12-02,2834,2829,SZ000040,0.0,0.0014975099999999797,0.23476209,0.23476209,0.23476209,-0.08515544333333332,-0.04735550307999999,0.00393764560471503,0.0003588187124175667,7.949436654535106,0,0,0,0,0,0
2024-12-03,2834,2832,SZ000040,0.10909091,0.001701100000000011,0.236909,0.236909,0.12781809,-0.010475940000000001,-0.023293236000000002,0.004031771816407137,0.0003595943367370152,7.949436272685837,0,0,1,1,1,1
2024-12-04,2833,2831,SZ000040,-0.032786883,0.013914449999999912,0.31451613,0.31451613,0.347303013,-0.038051508666666664,-0.000446443199999999,0.0038949390695346927,0.0003653390812172584,7.949083889335329,0,0,2,3,2,3
2024-12-05,2835,2832,SZ000040,0.033898305,0.012603739999999974,0.3060686,0.3060686,0.272170295,0.058720181666666656,0.063087783,0.003998912048694623,0.0003636726220201964,7.949789198367111,0,0,2,3,3,4
2024-12-06,2833,2825,SZ000040,0.32240438,0.003349999999999964,0.32240438,0.32240438,0.0,0.043025777999999994,-0.008579481400000002,0.004169607161190784,0.0003615511916693165,7.94908278144848,1,1,1,1,1,2
2024-12-09,2831,2826,SH600172,-0.07069529,0.004735500000000004,0.22168675,0.22168675,0.29238204,-0.16664348666666665,-0.1416827836,0.00406251487911256,0.0003614152052870169,7.948377010832996,0,0,1,1,2,2
2024-12-10,2830,2828,SZ000040,0.11940298,0.001201899999999978,0.24340622,0.24340622,0.12400324,0.08892050166666667,0.047350389,0.0039003802502632343,0.0003613146501524269,7.9480243662485,0,0,3,3,4,4
2024-12-11,2831,2827,SZ000040,-0.16,0.006052199999999952,0.21772055,0.21772055,0.37772055000000004,-0.09662741466666665,-0.05711413949999998,0.0039481959727713355,0.00036192254286786474,7.948377470553446,0,0,0,0,0,0
2024-12-12,2830,2827,SZ000040,-0.2857143,0.009311099999999906,0.26985195,0.26985195,0.55556625,-0.16196107433333332,-0.0790994902,0.004155461449269832,0.00036439058933751767,7.948023332926967,0,0,2,2,3,3
2024-12-13,2829,2823,SZ000040,0.13333334,0.00920450000000006,0.1927932,0.1927932,0.05945986,0.009178428666666662,0.017903365199999993,0.004210269092668713,0.000363867736155754,7.947669682778527,0,1,0,1,2,3
2024-12-16,2828,2824,SZ000040,-0.30718955,0.0038329599999999964,0.3539055,0.3539055,0.6610950499999999,-0.25759943,-0.17796474980000002,0.004172665330137601,0.0003616502831705807,7.94731629700893,0,0,1,1,1,1
2024-12-17,2824,2821,SZ000040,-0.16981132,0.005989010000000072,0.28333962,0.28333962,0.45315094,0.0035436100000000117,-0.005113343199999995,0.003936742913025903,0.00036328628723104666,7.945901828824322,0,0,1,1,2,2
2024-12-18,2824,2822,SH600198,-0.18389262,0.0012062700000000648,0.26387316,0.26387316,0.44776578,-0.140611504,-0.0808274504,0.0038643683815757176,0.00036074451281098744,7.94590211555847,0,0,1,1,1,1
2024-12-19,2824,2824,SH600198,-0.046875,0.005236530000000017,0.21322905,0.21322905,0.26010405000000003,-0.08157812,-0.10594298260000001,0.003793820303437954,0.0003629409600081506,7.945902383526549,0,0,0,0,0,0
2024-12-20,2824,2824,SZ002277,-0.08484211,0.0029719499999999455,0.34187567,0.34187567,0.42671778000000005,0.05310232,-0.017447092000000004,0.0036263006366791333,0.00036084207466787355,7.945903009077849,0,0,2,2,3,3
2024-12-23,2825,2825,SZ002277,-0.072923854,0.002556850000000055,0.17298736,0.17298736,0.245911214,0.049875768666666674,0.023581634000000004,0.0037592564075399518,0.00036060572836312313,7.946256566283384,0,0,1,1,1,1
2024-12-24,2826,2826,SZ002856,-0.2252134,9.239999999999249e-05,0.37088388,0.37088388,0.59609728,-0.08959095333333333,-0.11102338999999999,0.003700284578665778,0.00035925091875957155,7.946610705522826,0,0,1,1,2,3
2024-12-25,2822,2821,SZ002730,0.32337713,0.0012091499999999922,0.32337713,0.32337713,0.0,0.07455311666666667,0.05341638168,0.003455829494592541,0.0003601491741864192,7.945195149225782,1,1,2,2,2,2
2024-12-26,2822,2822,SH600725,-0.083130576,0.0018771399999999439,0.20026973,0.20026973,0.283400306,0.016935091333333336,0.010447644800000001,0.003636536674066345,0.0003605198736840708,7.945194505767269,0,0,0,0,1,2
2024-12-27,2817,2817,SZ000880,-0.053008962,0.00036354000000005104,0.18938926,0.18938926,0.242398222,-0.07342647466666667,-0.0266228388,0.003763919384570567,0.0003609306481733523,7.943420670587013,0,0,1,1,1,1
2024-12-30,2815,2815,SZ000759,0.09640302,0.0005133999999999972,0.21542288,0.21542288,0.11901986,0.017630596666666675,0.012012050200000006,0.003577521129767152,0.0003610244913438382,7.942711127815381,0,1,1,2,2,3
